game_id,action_id,period_id,time_seconds,team_id,player_id,result_name,start_x,start_y,end_x,end_y,dx,dy,type_name,player_name_ko,team_name_ko,position_name,main_position,spadl_type,spadl_result,dt,distance,speed,is_outcome,seq_position,seq_phase,sequence_id,outcome_type,outcome_result,source_label,target_sid
126346,634,1,1085.567,4646,188514.0,Successful,0.518353,0.633165,0.453049,0.540281,-0.0653039999999999,-0.0928839999999999,Pass,델브리지,인천 유나이티드,CB,CB,pass,success,5.3659999999999854,0.1135431630350325,0.0211597396636289,False,9,buildup,9050,pass,success,c53_s1,9051
126346,635,1,1087.033,4646,356605.0,,0.453049,0.540281,0.453049,0.540281,-0.0,-0.0,Pass Received,권한진,인천 유나이티드,CF,CB,pass,fail,1.4659999999998945,0.0,0.0,False,8,buildup,9050,pass,success,c53_s1,9051
126346,635,1,1087.033,4646,356605.0,,0.453049,0.540281,0.453049,0.540281,-0.0,-0.0,Pass Received,권한진,인천 유나이티드,CF,CB,pass,fail,1.4659999999998945,0.0,0.0,False,9,buildup,9051,pass,fail,c53_s1,9051
126346,636,1,1087.034,4646,356605.0,,0.453049,0.540281,0.504249,0.504609,0.0511999999999999,-0.035672,Carry,권한진,인천 유나이티드,CF,CB,dribble,fail,0.0010000000002037,0.0624013748566487,62.40137484393596,False,7,buildup,9050,pass,success,c53_s1,9051
126346,636,1,1087.034,4646,356605.0,,0.453049,0.540281,0.504249,0.504609,0.0511999999999999,-0.035672,Carry,권한진,인천 유나이티드,CF,CB,dribble,fail,0.0010000000002037,0.0624013748566487,62.40137484393596,False,8,buildup,9051,pass,fail,c53_s1,9051
126346,637,1,1089.8,4646,356605.0,Successful,0.504249,0.504609,0.525947,0.1860579999999999,0.0216980000000001,-0.3185510000000001,Pass,권한진,인천 유나이티드,CF,CB,pass,success,2.765999999999849,0.3192891210251299,0.1154335217010655,False,6,buildup,9050,pass,success,c53_s1,9051
126346,637,1,1089.8,4646,356605.0,Successful,0.504249,0.504609,0.525947,0.1860579999999999,0.0216980000000001,-0.3185510000000001,Pass,권한진,인천 유나이티드,CF,CB,pass,success,2.765999999999849,0.3192891210251299,0.1154335217010655,False,7,buildup,9051,pass,fail,c53_s1,9051
126346,638,1,1091.567,4646,161122.0,,0.525947,0.1860579999999999,0.525947,0.1860579999999999,-0.0,-0.0,Pass Received,오반석,인천 유나이티드,CB,CB,pass,fail,1.7670000000000528,0.0,0.0,False,5,attack,9050,pass,success,c53_s1,9051
126346,638,1,1091.567,4646,161122.0,,0.525947,0.1860579999999999,0.525947,0.1860579999999999,-0.0,-0.0,Pass Received,오반석,인천 유나이티드,CB,CB,pass,fail,1.7670000000000528,0.0,0.0,False,6,buildup,9051,pass,fail,c53_s1,9051
126346,639,1,1092.333,4646,161122.0,Successful,0.547141,0.177412,0.740329,0.0309549999999999,0.193188,-0.146457,Pass,오반석,인천 유나이티드,CB,CB,pass,success,0.7660000000000764,0.242427837083533,0.3164854270019697,False,4,attack,9050,pass,success,c53_s1,9051
126346,639,1,1092.333,4646,161122.0,Successful,0.547141,0.177412,0.740329,0.0309549999999999,0.193188,-0.146457,Pass,오반석,인천 유나이티드,CB,CB,pass,success,0.7660000000000764,0.242427837083533,0.3164854270019697,False,5,attack,9051,pass,fail,c53_s1,9051
126346,640,1,1093.933,4646,250148.0,,0.740329,0.0309549999999999,0.740329,0.0309549999999999,-0.0,-0.0,Pass Received,홍시후,인천 유나이티드,LW,RWB,pass,fail,1.599999999999909,0.0,0.0,False,3,attack,9050,pass,success,c53_s1,9051
126346,640,1,1093.933,4646,250148.0,,0.740329,0.0309549999999999,0.740329,0.0309549999999999,-0.0,-0.0,Pass Received,홍시후,인천 유나이티드,LW,RWB,pass,fail,1.599999999999909,0.0,0.0,False,4,attack,9051,pass,fail,c53_s1,9051
126346,641,1,1093.934,4646,250148.0,,0.740329,0.0309549999999999,0.804393,0.042594,0.064064,0.011639,Carry,홍시후,인천 유나이티드,LW,RWB,dribble,fail,0.0009999999999763,0.0651126901379447,65.11269013948443,False,2,attack,9050,pass,success,c53_s1,9051
126346,641,1,1093.934,4646,250148.0,,0.740329,0.0309549999999999,0.804393,0.042594,0.064064,0.011639,Carry,홍시후,인천 유나이티드,LW,RWB,dribble,fail,0.0009999999999763,0.0651126901379447,65.11269013948443,False,3,attack,9051,pass,fail,c53_s1,9051
126346,642,1,1095.3,4646,250148.0,Successful,0.804393,0.042594,0.865058,0.2097219999999999,0.060665,0.1671279999999998,Pass,홍시후,인천 유나이티드,LW,RWB,pass,success,1.3659999999999854,0.1777976676140605,0.1301593467160046,True,1,attack,9050,pass,success,c53_s1,9051
126346,642,1,1095.3,4646,250148.0,Successful,0.804393,0.042594,0.865058,0.2097219999999999,0.060665,0.1671279999999998,Pass,홍시후,인천 유나이티드,LW,RWB,pass,success,1.3659999999999854,0.1777976676140605,0.1301593467160046,True,2,attack,9051,pass,fail,c53_s1,9051
126346,643,1,1096.433,4646,250147.0,,0.865058,0.2097219999999999,0.865058,0.2097219999999999,-0.0,-0.0,Pass Received,김성민,인천 유나이티드,RWB,RW,pass,fail,1.1330000000000382,0.0,0.0,True,1,attack,9051,pass,fail,c53_s1,9051
126295,1946,2,633.4000000000001,4643,500113.0,,0.420465,0.72585,0.420465,0.72585,-0.0,-0.0,Pass Received,김이석,강원FC,,CM,pass,fail,1.199999999999818,0.0,0.0,False,9,buildup,1791,cross,success,c53_s2,1791
126295,1947,2,633.4010000000001,4643,500113.0,,0.420465,0.72585,0.528229,0.6604929999999999,0.1077639999999999,-0.065357,Carry,김이석,강원FC,,CM,dribble,fail,0.0009999999999763,0.1260341903810232,126.03419038400352,False,8,buildup,1791,cross,success,c53_s2,1791
126295,1947,2,633.4010000000001,4643,500113.0,,0.420465,0.72585,0.528229,0.6604929999999999,0.1077639999999999,-0.065357,Carry,김이석,강원FC,,CM,dribble,fail,0.0009999999999763,0.1260341903810232,126.03419038400352,False,9,buildup,1792,pass,fail,c53_s2,1791
126295,1948,2,637.0,4643,500113.0,Successful,0.528229,0.6604929999999999,0.52988,0.3524259999999999,0.001651,-0.308067,Pass,김이석,강원FC,,CM,pass,success,3.5989999999999327,0.3080714240074856,0.0855991731057214,False,7,buildup,1791,cross,success,c53_s2,1791
126295,1948,2,637.0,4643,500113.0,Successful,0.528229,0.6604929999999999,0.52988,0.3524259999999999,0.001651,-0.308067,Pass,김이석,강원FC,,CM,pass,success,3.5989999999999327,0.3080714240074856,0.0855991731057214,False,9,buildup,1793,shot,fail,c53_s2,1791
126295,1948,2,637.0,4643,500113.0,Successful,0.528229,0.6604929999999999,0.52988,0.3524259999999999,0.001651,-0.308067,Pass,김이석,강원FC,,CM,pass,success,3.5989999999999327,0.3080714240074856,0.0855991731057214,False,8,buildup,1792,pass,fail,c53_s2,1791
126295,1949,2,638.567,4643,500114.0,,0.52988,0.3524259999999999,0.52988,0.3524259999999999,-0.0,-0.0,Pass Received,카미야,강원FC,,CM,pass,fail,1.5670000000000073,0.0,0.0,False,6,buildup,1791,cross,success,c53_s2,1791
126295,1949,2,638.567,4643,500114.0,,0.52988,0.3524259999999999,0.52988,0.3524259999999999,-0.0,-0.0,Pass Received,카미야,강원FC,,CM,pass,fail,1.5670000000000073,0.0,0.0,False,8,buildup,1793,shot,fail,c53_s2,1791
126295,1949,2,638.567,4643,500114.0,,0.52988,0.3524259999999999,0.52988,0.3524259999999999,-0.0,-0.0,Pass Received,카미야,강원FC,,CM,pass,fail,1.5670000000000073,0.0,0.0,False,7,buildup,1792,pass,fail,c53_s2,1791
126295,1950,2,638.568,4643,500114.0,,0.52988,0.3524259999999999,0.541656,0.282338,0.011776,-0.070088,Carry,카미야,강원FC,,CM,dribble,fail,0.0009999999999763,0.0710704011526599,71.07040115434053,False,5,attack,1791,cross,success,c53_s2,1791
126295,1950,2,638.568,4643,500114.0,,0.52988,0.3524259999999999,0.541656,0.282338,0.011776,-0.070088,Carry,카미야,강원FC,,CM,dribble,fail,0.0009999999999763,0.0710704011526599,71.07040115434053,False,7,buildup,1793,shot,fail,c53_s2,1791
126295,1950,2,638.568,4643,500114.0,,0.52988,0.3524259999999999,0.541656,0.282338,0.011776,-0.070088,Carry,카미야,강원FC,,CM,dribble,fail,0.0009999999999763,0.0710704011526599,71.07040115434053,False,6,buildup,1792,pass,fail,c53_s2,1791
126295,1951,2,639.7670000000003,4643,500114.0,Successful,0.541656,0.282338,0.582393,0.13413,0.040737,-0.1482079999999999,Pass,카미야,강원FC,,CM,pass,success,1.1990000000002965,0.1537046337395199,0.1281940231355145,False,6,buildup,1793,shot,fail,c53_s2,1791
126295,1951,2,639.7670000000003,4643,500114.0,Successful,0.541656,0.282338,0.582393,0.13413,0.040737,-0.1482079999999999,Pass,카미야,강원FC,,CM,pass,success,1.1990000000002965,0.1537046337395199,0.1281940231355145,False,5,attack,1792,pass,fail,c53_s2,1791
126295,1951,2,639.7670000000003,4643,500114.0,Successful,0.541656,0.282338,0.582393,0.13413,0.040737,-0.1482079999999999,Pass,카미야,강원FC,,CM,pass,success,1.1990000000002965,0.1537046337395199,0.1281940231355145,False,4,attack,1791,cross,success,c53_s2,1791
126295,1952,2,640.8000000000002,4643,187259.0,,0.582393,0.13413,0.582393,0.13413,-0.0,-0.0,Pass Received,황문기,강원FC,CM,CM,pass,fail,1.0329999999999018,0.0,0.0,False,4,attack,1792,pass,fail,c53_s2,1791
126295,1952,2,640.8000000000002,4643,187259.0,,0.582393,0.13413,0.582393,0.13413,-0.0,-0.0,Pass Received,황문기,강원FC,CM,CM,pass,fail,1.0329999999999018,0.0,0.0,False,3,attack,1791,cross,success,c53_s2,1791
126295,1952,2,640.8000000000002,4643,187259.0,,0.582393,0.13413,0.582393,0.13413,-0.0,-0.0,Pass Received,황문기,강원FC,CM,CM,pass,fail,1.0329999999999018,0.0,0.0,False,5,attack,1793,shot,fail,c53_s2,1791
126295,1953,2,640.8010000000002,4643,187259.0,,0.582393,0.13413,0.688037,0.137074,0.105644,0.002944,Carry,황문기,강원FC,CM,CM,dribble,fail,0.0009999999999763,0.1056850125230631,105.68501252556224,False,3,attack,1792,pass,fail,c53_s2,1791
126295,1953,2,640.8010000000002,4643,187259.0,,0.582393,0.13413,0.688037,0.137074,0.105644,0.002944,Carry,황문기,강원FC,CM,CM,dribble,fail,0.0009999999999763,0.1056850125230631,105.68501252556224,False,2,attack,1791,cross,success,c53_s2,1791
126295,1953,2,640.8010000000002,4643,187259.0,,0.582393,0.13413,0.688037,0.137074,0.105644,0.002944,Carry,황문기,강원FC,CM,CM,dribble,fail,0.0009999999999763,0.1056850125230631,105.68501252556224,False,4,attack,1793,shot,fail,c53_s2,1791
126295,1954,2,644.7000000000003,4643,187259.0,Successful,0.688037,0.137074,0.9000209999999998,0.510253,0.2119839999999998,0.373179,Cross,황문기,강원FC,CM,CM,cross,success,3.8990000000001146,0.4291850210538572,0.1100756658255564,True,2,attack,1792,pass,fail,c53_s2,1791
126295,1954,2,644.7000000000003,4643,187259.0,Successful,0.688037,0.137074,0.9000209999999998,0.510253,0.2119839999999998,0.373179,Cross,황문기,강원FC,CM,CM,cross,success,3.8990000000001146,0.4291850210538572,0.1100756658255564,True,1,attack,1791,cross,success,c53_s2,1791
126295,1954,2,644.7000000000003,4643,187259.0,Successful,0.688037,0.137074,0.9000209999999998,0.510253,0.2119839999999998,0.373179,Cross,황문기,강원FC,CM,CM,cross,success,3.8990000000001146,0.4291850210538572,0.1100756658255564,True,3,attack,1793,shot,fail,c53_s2,1791
126295,1955,2,646.3330000000001,4643,410634.0,,0.9000209999999998,0.510253,1.0,0.58650977,0.0999790000000001,0.07625677,Pass Received,야고,강원FC,CF,CF,pass,fail,1.6329999999998108,0.1257413830520124,0.0770002345695205,True,1,attack,1792,pass,fail,c53_s2,1791
126295,1955,2,646.3330000000001,4643,410634.0,,0.9000209999999998,0.510253,1.0,0.58650977,0.0999790000000001,0.07625677,Pass Received,야고,강원FC,CF,CF,pass,fail,1.6329999999998108,0.1257413830520124,0.0770002345695205,True,2,attack,1793,shot,fail,c53_s2,1791
126295,1956,2,646.3330000000001,4643,410634.0,Off Target,0.9000209999999998,0.510253,1.0,0.58650977,0.0999790000000001,0.07625677,Shot,야고,강원FC,CF,CF,shot,fail,0.0,0.1257413830520124,0.0,True,1,attack,1793,shot,fail,c53_s2,1791
126447,2366,2,1935.467,4643,530658.0,,0.95411,0.057804,0.95411,0.057804,-0.0,-0.0,Block,하지치,강원FC,CF,CF,non_action,fail,0.1339999999997871,0.0,0.0,False,9,buildup,23816,pass,fail,c70_s1,23817
126447,2367,2,1935.567,4643,77579.0,,0.0317004,0.9400101,0.0317004,0.9400101,0.0,0.0,Hit,김주성,FC서울,,CB,non_action,fail,0.099999999999909,0.0,0.0,False,9,buildup,23817,pass,fail,c70_s1,23817
126447,2367,2,1935.567,4643,77579.0,,0.0317004,0.9400101,0.0317004,0.9400101,0.0,0.0,Hit,김주성,FC서울,,CB,non_action,fail,0.099999999999909,0.0,0.0,False,8,buildup,23816,pass,fail,c70_s1,23817
126447,2368,2,1938.567,4643,77579.0,,0.1427359999999999,1.0,0.1427359999999999,1.0,0.0,0.0,Out,김주성,FC서울,,CB,non_action,fail,3.0,0.0,0.0,False,7,buildup,23816,pass,fail,c70_s1,23817
126447,2368,2,1938.567,4643,77579.0,,0.1427359999999999,1.0,0.1427359999999999,1.0,0.0,0.0,Out,김주성,FC서울,,CB,non_action,fail,3.0,0.0,0.0,False,8,buildup,23817,pass,fail,c70_s1,23817
126447,2369,2,1942.4000000000003,4643,187259.0,Successful,0.857264,0.0,0.810724,0.104246,-0.04654,0.1042459999999999,Throw-In,황문기,강원FC,CM,CM,throw_in,success,3.833000000000311,0.114163041813014,0.0297842530166983,False,6,buildup,23816,pass,fail,c70_s1,23817
126447,2369,2,1942.4000000000003,4643,187259.0,Successful,0.857264,0.0,0.810724,0.104246,-0.04654,0.1042459999999999,Throw-In,황문기,강원FC,CM,CM,throw_in,success,3.833000000000311,0.114163041813014,0.0297842530166983,False,7,buildup,23817,pass,fail,c70_s1,23817
126447,2370,2,1943.5330000000004,4643,500118.0,,0.810724,0.104246,0.810724,0.104246,-0.0,-0.0,Pass Received,김강국,강원FC,CM,CM,pass,fail,1.1330000000000382,0.0,0.0,False,6,buildup,23817,pass,fail,c70_s1,23817
126447,2370,2,1943.5330000000004,4643,500118.0,,0.810724,0.104246,0.810724,0.104246,-0.0,-0.0,Pass Received,김강국,강원FC,CM,CM,pass,fail,1.1330000000000382,0.0,0.0,False,5,attack,23816,pass,fail,c70_s1,23817
126447,2371,2,1945.3,4643,500118.0,Successful,0.799003,0.103371,0.79288,0.277079,-0.0061229999999998,0.173708,Pass,김강국,강원FC,CM,CM,pass,success,1.766999999999598,0.1738158807272799,0.098367787621573,False,4,attack,23816,pass,fail,c70_s1,23817
126447,2371,2,1945.3,4643,500118.0,Successful,0.799003,0.103371,0.79288,0.277079,-0.0061229999999998,0.173708,Pass,김강국,강원FC,CM,CM,pass,success,1.766999999999598,0.1738158807272799,0.098367787621573,False,5,attack,23817,pass,fail,c70_s1,23817
126447,2371,2,1945.3,4643,500118.0,Successful,0.799003,0.103371,0.79288,0.277079,-0.0061229999999998,0.173708,Pass,김강국,강원FC,CM,CM,pass,success,1.766999999999598,0.1738158807272799,0.098367787621573,False,9,buildup,23818,corner_short,success,c70_s1,23817
126447,2372,2,1946.567,4643,500502.0,,0.79288,0.277079,0.8361860000000001,0.363629,0.0433059999999999,0.0865499999999999,Pass Received,이유현,강원FC,CM,CM,pass,fail,1.2670000000000528,0.0967797093196708,0.0763849323754276,False,3,attack,23816,pass,fail,c70_s1,23817
126447,2372,2,1946.567,4643,500502.0,,0.79288,0.277079,0.8361860000000001,0.363629,0.0433059999999999,0.0865499999999999,Pass Received,이유현,강원FC,CM,CM,pass,fail,1.2670000000000528,0.0967797093196708,0.0763849323754276,False,9,buildup,23819,pass,fail,c70_s1,23817
126447,2372,2,1946.567,4643,500502.0,,0.79288,0.277079,0.8361860000000001,0.363629,0.0433059999999999,0.0865499999999999,Pass Received,이유현,강원FC,CM,CM,pass,fail,1.2670000000000528,0.0967797093196708,0.0763849323754276,False,8,buildup,23818,corner_short,success,c70_s1,23817
126447,2372,2,1946.567,4643,500502.0,,0.79288,0.277079,0.8361860000000001,0.363629,0.0433059999999999,0.0865499999999999,Pass Received,이유현,강원FC,CM,CM,pass,fail,1.2670000000000528,0.0967797093196708,0.0763849323754276,False,4,attack,23817,pass,fail,c70_s1,23817
126447,2373,2,1946.567,4643,500502.0,Successful,0.79288,0.277079,0.8361860000000001,0.363629,0.0433059999999999,0.0865499999999999,Pass,이유현,강원FC,CM,CM,pass,success,0.0,0.0967797093196708,0.0,False,8,buildup,23819,pass,fail,c70_s1,23817
126447,2373,2,1946.567,4643,500502.0,Successful,0.79288,0.277079,0.8361860000000001,0.363629,0.0433059999999999,0.0865499999999999,Pass,이유현,강원FC,CM,CM,pass,success,0.0,0.0967797093196708,0.0,False,9,buildup,23820,shot,fail,c70_s1,23817
126447,2373,2,1946.567,4643,500502.0,Successful,0.79288,0.277079,0.8361860000000001,0.363629,0.0433059999999999,0.0865499999999999,Pass,이유현,강원FC,CM,CM,pass,success,0.0,0.0967797093196708,0.0,False,7,buildup,23818,corner_short,success,c70_s1,23817
126447,2373,2,1946.567,4643,500502.0,Successful,0.79288,0.277079,0.8361860000000001,0.363629,0.0433059999999999,0.0865499999999999,Pass,이유현,강원FC,CM,CM,pass,success,0.0,0.0967797093196708,0.0,False,3,attack,23817,pass,fail,c70_s1,23817
126447,2373,2,1946.567,4643,500502.0,Successful,0.79288,0.277079,0.8361860000000001,0.363629,0.0433059999999999,0.0865499999999999,Pass,이유현,강원FC,CM,CM,pass,success,0.0,0.0967797093196708,0.0,False,2,attack,23816,pass,fail,c70_s1,23817
126447,2374,2,1947.433,4643,530658.0,,0.8361860000000001,0.363629,0.885176,0.293492,0.0489899999999999,-0.0701369999999999,Pass Received,하지치,강원FC,CF,CF,pass,fail,0.8659999999999854,0.0855524334487335,0.0987903388553521,True,2,attack,23817,pass,fail,c70_s1,23817
126447,2374,2,1947.433,4643,530658.0,,0.8361860000000001,0.363629,0.885176,0.293492,0.0489899999999999,-0.0701369999999999,Pass Received,하지치,강원FC,CF,CF,pass,fail,0.8659999999999854,0.0855524334487335,0.0987903388553521,True,6,buildup,23818,corner_short,success,c70_s1,23817
126447,2374,2,1947.433,4643,530658.0,,0.8361860000000001,0.363629,0.885176,0.293492,0.0489899999999999,-0.0701369999999999,Pass Received,하지치,강원FC,CF,CF,pass,fail,0.8659999999999854,0.0855524334487335,0.0987903388553521,True,8,buildup,23820,shot,fail,c70_s1,23817
126447,2374,2,1947.433,4643,530658.0,,0.8361860000000001,0.363629,0.885176,0.293492,0.0489899999999999,-0.0701369999999999,Pass Received,하지치,강원FC,CF,CF,pass,fail,0.8659999999999854,0.0855524334487335,0.0987903388553521,True,7,buildup,23819,pass,fail,c70_s1,23817
126447,2374,2,1947.433,4643,530658.0,,0.8361860000000001,0.363629,0.885176,0.293492,0.0489899999999999,-0.0701369999999999,Pass Received,하지치,강원FC,CF,CF,pass,fail,0.8659999999999854,0.0855524334487335,0.0987903388553521,True,1,attack,23816,pass,fail,c70_s1,23817
126447,2375,2,1947.433,4643,530658.0,Unsuccessful,0.8361860000000001,0.363629,0.885176,0.293492,0.0489899999999999,-0.0701369999999999,Pass,하지치,강원FC,CF,CF,pass,fail,0.0,0.0855524334487335,0.0,True,5,attack,23818,corner_short,success,c70_s1,23817
126447,2375,2,1947.433,4643,530658.0,Unsuccessful,0.8361860000000001,0.363629,0.885176,0.293492,0.0489899999999999,-0.0701369999999999,Pass,하지치,강원FC,CF,CF,pass,fail,0.0,0.0855524334487335,0.0,True,7,buildup,23820,shot,fail,c70_s1,23817
126447,2375,2,1947.433,4643,530658.0,Unsuccessful,0.8361860000000001,0.363629,0.885176,0.293492,0.0489899999999999,-0.0701369999999999,Pass,하지치,강원FC,CF,CF,pass,fail,0.0,0.0855524334487335,0.0,True,1,attack,23817,pass,fail,c70_s1,23817
126447,2375,2,1947.433,4643,530658.0,Unsuccessful,0.8361860000000001,0.363629,0.885176,0.293492,0.0489899999999999,-0.0701369999999999,Pass,하지치,강원FC,CF,CF,pass,fail,0.0,0.0855524334487335,0.0,True,6,buildup,23819,pass,fail,c70_s1,23817
126447,2376,2,1948.867,4643,77579.0,,0.107339,0.676741,0.107339,0.676741,0.0,0.0,Interception,김주성,FC서울,,CB,interception,fail,1.433999999999969,0.0,0.0,False,6,buildup,23820,shot,fail,c70_s1,23817
126447,2376,2,1948.867,4643,77579.0,,0.107339,0.676741,0.107339,0.676741,0.0,0.0,Interception,김주성,FC서울,,CB,interception,fail,1.433999999999969,0.0,0.0,False,4,attack,23818,corner_short,success,c70_s1,23817
126447,2376,2,1948.867,4643,77579.0,,0.107339,0.676741,0.107339,0.676741,0.0,0.0,Interception,김주성,FC서울,,CB,interception,fail,1.433999999999969,0.0,0.0,False,5,attack,23819,pass,fail,c70_s1,23817
126447,2377,2,1948.867,4643,77579.0,,0.107339,0.676741,0.0,0.996009,-0.107339,0.319268,Clearance,김주성,FC서울,,CB,clearance,fail,0.0,0.3368289131666104,0.0,False,4,attack,23819,pass,fail,c70_s1,23817
126447,2377,2,1948.867,4643,77579.0,,0.107339,0.676741,0.0,0.996009,-0.107339,0.319268,Clearance,김주성,FC서울,,CB,clearance,fail,0.0,0.3368289131666104,0.0,False,3,attack,23818,corner_short,success,c70_s1,23817
126447,2377,2,1948.867,4643,77579.0,,0.107339,0.676741,0.0,0.996009,-0.107339,0.319268,Clearance,김주성,FC서울,,CB,clearance,fail,0.0,0.3368289131666104,0.0,False,5,attack,23820,shot,fail,c70_s1,23817
126447,2378,2,1951.867,4643,77579.0,,0.0,0.996009,0.0,0.996009,0.0,0.0,Out,김주성,FC서울,,CB,non_action,fail,3.0,0.0,0.0,False,3,attack,23819,pass,fail,c70_s1,23817
126447,2378,2,1951.867,4643,77579.0,,0.0,0.996009,0.0,0.996009,0.0,0.0,Out,김주성,FC서울,,CB,non_action,fail,3.0,0.0,0.0,False,2,attack,23818,corner_short,success,c70_s1,23817
126447,2378,2,1951.867,4643,77579.0,,0.0,0.996009,0.0,0.996009,0.0,0.0,Out,김주성,FC서울,,CB,non_action,fail,3.0,0.0,0.0,False,4,attack,23820,shot,fail,c70_s1,23817
126447,2378,2,1951.867,4643,77579.0,,0.0,0.996009,0.0,0.996009,0.0,0.0,Out,김주성,FC서울,,CB,non_action,fail,3.0,0.0,0.0,False,9,buildup,23821,cross,success,c70_s1,23817
126447,2379,2,1985.6670000000004,4643,500118.0,Successful,1.0,0.003991,0.957157,0.3565819999999999,-0.0428429999999999,0.352591,Pass_Corner,김강국,강원FC,CM,CM,corner_short,success,33.80000000000041,0.3551843689268997,0.0105084132818608,True,2,attack,23819,pass,fail,c70_s1,23817
126447,2379,2,1985.6670000000004,4643,500118.0,Successful,1.0,0.003991,0.957157,0.3565819999999999,-0.0428429999999999,0.352591,Pass_Corner,김강국,강원FC,CM,CM,corner_short,success,33.80000000000041,0.3551843689268997,0.0105084132818608,True,1,attack,23818,corner_short,success,c70_s1,23817
126447,2379,2,1985.6670000000004,4643,500118.0,Successful,1.0,0.003991,0.957157,0.3565819999999999,-0.0428429999999999,0.352591,Pass_Corner,김강국,강원FC,CM,CM,corner_short,success,33.80000000000041,0.3551843689268997,0.0105084132818608,True,3,attack,23820,shot,fail,c70_s1,23817
126447,2379,2,1985.6670000000004,4643,500118.0,Successful,1.0,0.003991,0.957157,0.3565819999999999,-0.0428429999999999,0.352591,Pass_Corner,김강국,강원FC,CM,CM,corner_short,success,33.80000000000041,0.3551843689268997,0.0105084132818608,True,8,buildup,23821,cross,success,c70_s1,23817
126447,2380,2,1986.633,4643,500502.0,,0.957157,0.3565819999999999,0.9609374,0.35389,0.0037803999999999,-0.0026919999999999,Pass Received,이유현,강원FC,CM,CM,pass,fail,0.9659999999996672,0.0046409361297047,0.0048042817077705,True,1,attack,23819,pass,fail,c70_s1,23817
126447,2380,2,1986.633,4643,500502.0,,0.957157,0.3565819999999999,0.9609374,0.35389,0.0037803999999999,-0.0026919999999999,Pass Received,이유현,강원FC,CM,CM,pass,fail,0.9659999999996672,0.0046409361297047,0.0048042817077705,True,7,buildup,23821,cross,success,c70_s1,23817
126447,2380,2,1986.633,4643,500502.0,,0.957157,0.3565819999999999,0.9609374,0.35389,0.0037803999999999,-0.0026919999999999,Pass Received,이유현,강원FC,CM,CM,pass,fail,0.9659999999996672,0.0046409361297047,0.0048042817077705,True,2,attack,23820,shot,fail,c70_s1,23817
126447,2380,2,1986.633,4643,500502.0,,0.957157,0.3565819999999999,0.9609374,0.35389,0.0037803999999999,-0.0026919999999999,Pass Received,이유현,강원FC,CM,CM,pass,fail,0.9659999999996672,0.0046409361297047,0.0048042817077705,True,9,buildup,23822,pass,fail,c70_s1,23817
126452,1616,2,642.7330000000002,4646,250141.0,Unsuccessful,0.574123,0.170175,0.839516,0.307433,0.265393,0.1372579999999999,Pass,이명주,인천 유나이티드,CM,CM,pass,fail,0.0,0.2987862162366262,0.0,False,9,buildup,24575,pass,fail,c70_s2,24577
126452,1617,2,644.9670000000001,4646,62086.0,,0.160504,0.683612,0.160504,0.683612,0.0,0.0,Interception,김진혁,대구FC,CB,CB,interception,fail,2.233999999999924,0.0,0.0,False,9,buildup,24576,pass,success,c70_s2,24577
126452,1617,2,644.9670000000001,4646,62086.0,,0.160504,0.683612,0.160504,0.683612,0.0,0.0,Interception,김진혁,대구FC,CB,CB,interception,fail,2.233999999999924,0.0,0.0,False,8,buildup,24575,pass,fail,c70_s2,24577
126452,1618,2,644.9670000000001,4646,62086.0,,0.160504,0.683612,0.178422,1.0,0.0179179999999999,0.316388,Clearance,김진혁,대구FC,CB,CB,clearance,fail,0.0,0.3168949688272125,0.0,False,7,buildup,24575,pass,fail,c70_s2,24577
126452,1618,2,644.9670000000001,4646,62086.0,,0.160504,0.683612,0.178422,1.0,0.0179179999999999,0.316388,Clearance,김진혁,대구FC,CB,CB,clearance,fail,0.0,0.3168949688272125,0.0,False,8,buildup,24576,pass,success,c70_s2,24577
126452,1618,2,644.9670000000001,4646,62086.0,,0.160504,0.683612,0.178422,1.0,0.0179179999999999,0.316388,Clearance,김진혁,대구FC,CB,CB,clearance,fail,0.0,0.3168949688272125,0.0,False,9,buildup,24577,pass,fail,c70_s2,24577
126452,1619,2,647.2835,4646,62086.0,,0.178422,1.0,0.178422,1.0,0.0,0.0,Out,김진혁,대구FC,CB,CB,non_action,fail,2.3164999999999054,0.0,0.0,False,9,buildup,24578,pass,fail,c70_s2,24577
126452,1619,2,647.2835,4646,62086.0,,0.178422,1.0,0.178422,1.0,0.0,0.0,Out,김진혁,대구FC,CB,CB,non_action,fail,2.3164999999999054,0.0,0.0,False,8,buildup,24577,pass,fail,c70_s2,24577
126452,1619,2,647.2835,4646,62086.0,,0.178422,1.0,0.178422,1.0,0.0,0.0,Out,김진혁,대구FC,CB,CB,non_action,fail,2.3164999999999054,0.0,0.0,False,6,buildup,24575,pass,fail,c70_s2,24577
126452,1619,2,647.2835,4646,62086.0,,0.178422,1.0,0.178422,1.0,0.0,0.0,Out,김진혁,대구FC,CB,CB,non_action,fail,2.3164999999999054,0.0,0.0,False,7,buildup,24576,pass,success,c70_s2,24577
126452,1620,2,649.5999999999999,4646,109160.0,Successful,0.821578,0.0,0.753041,0.02563,-0.068537,0.02563,Throw-In,김도혁,인천 유나이티드,LW,CM,throw_in,success,2.3164999999999054,0.0731725171700414,0.0315875316943856,False,8,buildup,24578,pass,fail,c70_s2,24577
126452,1620,2,649.5999999999999,4646,109160.0,Successful,0.821578,0.0,0.753041,0.02563,-0.068537,0.02563,Throw-In,김도혁,인천 유나이티드,LW,CM,throw_in,success,2.3164999999999054,0.0731725171700414,0.0315875316943856,False,6,buildup,24576,pass,success,c70_s2,24577
126452,1620,2,649.5999999999999,4646,109160.0,Successful,0.821578,0.0,0.753041,0.02563,-0.068537,0.02563,Throw-In,김도혁,인천 유나이티드,LW,CM,throw_in,success,2.3164999999999054,0.0731725171700414,0.0315875316943856,False,7,buildup,24577,pass,fail,c70_s2,24577
126452,1620,2,649.5999999999999,4646,109160.0,Successful,0.821578,0.0,0.753041,0.02563,-0.068537,0.02563,Throw-In,김도혁,인천 유나이티드,LW,CM,throw_in,success,2.3164999999999054,0.0731725171700414,0.0315875316943856,False,5,attack,24575,pass,fail,c70_s2,24577
126452,1621,2,650.6669999999999,4646,61626.0,,0.753041,0.02563,0.753041,0.02563,-0.0,-0.0,Pass Received,김보섭,인천 유나이티드,LW,LW,pass,fail,1.0670000000000073,0.0,0.0,False,4,attack,24575,pass,fail,c70_s2,24577
126452,1621,2,650.6669999999999,4646,61626.0,,0.753041,0.02563,0.753041,0.02563,-0.0,-0.0,Pass Received,김보섭,인천 유나이티드,LW,LW,pass,fail,1.0670000000000073,0.0,0.0,False,5,attack,24576,pass,success,c70_s2,24577
126452,1621,2,650.6669999999999,4646,61626.0,,0.753041,0.02563,0.753041,0.02563,-0.0,-0.0,Pass Received,김보섭,인천 유나이티드,LW,LW,pass,fail,1.0670000000000073,0.0,0.0,False,6,buildup,24577,pass,fail,c70_s2,24577
126452,1621,2,650.6669999999999,4646,61626.0,,0.753041,0.02563,0.753041,0.02563,-0.0,-0.0,Pass Received,김보섭,인천 유나이티드,LW,LW,pass,fail,1.0670000000000073,0.0,0.0,False,7,buildup,24578,pass,fail,c70_s2,24577
126452,1622,2,650.6679999999999,4646,61626.0,,0.753041,0.02563,0.814957,0.082962,0.061916,0.0573319999999999,Carry,김보섭,인천 유나이티드,LW,LW,dribble,fail,0.0009999999999763,0.0843833471722946,84.38334717429004,False,5,attack,24577,pass,fail,c70_s2,24577
126452,1622,2,650.6679999999999,4646,61626.0,,0.753041,0.02563,0.814957,0.082962,0.061916,0.0573319999999999,Carry,김보섭,인천 유나이티드,LW,LW,dribble,fail,0.0009999999999763,0.0843833471722946,84.38334717429004,False,6,buildup,24578,pass,fail,c70_s2,24577
126452,1622,2,650.6679999999999,4646,61626.0,,0.753041,0.02563,0.814957,0.082962,0.061916,0.0573319999999999,Carry,김보섭,인천 유나이티드,LW,LW,dribble,fail,0.0009999999999763,0.0843833471722946,84.38334717429004,False,4,attack,24576,pass,success,c70_s2,24577
126452,1622,2,650.6679999999999,4646,61626.0,,0.753041,0.02563,0.814957,0.082962,0.061916,0.0573319999999999,Carry,김보섭,인천 유나이티드,LW,LW,dribble,fail,0.0009999999999763,0.0843833471722946,84.38334717429004,False,3,attack,24575,pass,fail,c70_s2,24577
126452,1623,2,654.4670000000001,4646,61626.0,Successful,0.814957,0.082962,0.8335219999999999,0.0304509999999999,0.0185649999999998,-0.052511,Pass,김보섭,인천 유나이티드,LW,LW,pass,success,3.7990000000002055,0.0556961789174086,0.0146607472801804,False,4,attack,24577,pass,fail,c70_s2,24577
126452,1623,2,654.4670000000001,4646,61626.0,Successful,0.814957,0.082962,0.8335219999999999,0.0304509999999999,0.0185649999999998,-0.052511,Pass,김보섭,인천 유나이티드,LW,LW,pass,success,3.7990000000002055,0.0556961789174086,0.0146607472801804,False,5,attack,24578,pass,fail,c70_s2,24577
126452,1623,2,654.4670000000001,4646,61626.0,Successful,0.814957,0.082962,0.8335219999999999,0.0304509999999999,0.0185649999999998,-0.052511,Pass,김보섭,인천 유나이티드,LW,LW,pass,success,3.7990000000002055,0.0556961789174086,0.0146607472801804,False,2,attack,24575,pass,fail,c70_s2,24577
126452,1623,2,654.4670000000001,4646,61626.0,Successful,0.814957,0.082962,0.8335219999999999,0.0304509999999999,0.0185649999999998,-0.052511,Pass,김보섭,인천 유나이티드,LW,LW,pass,success,3.7990000000002055,0.0556961789174086,0.0146607472801804,False,3,attack,24576,pass,success,c70_s2,24577
126452,1624,2,655.0329999999999,4646,109160.0,,0.8335219999999999,0.0304509999999999,0.87297,0.2235769999999999,0.039448,0.1931260000000001,Pass Received,김도혁,인천 유나이티드,LW,CM,pass,fail,0.5659999999998035,0.1971136641128667,0.3482573570899914,True,2,attack,24576,pass,success,c70_s2,24577
126452,1624,2,655.0329999999999,4646,109160.0,,0.8335219999999999,0.0304509999999999,0.87297,0.2235769999999999,0.039448,0.1931260000000001,Pass Received,김도혁,인천 유나이티드,LW,CM,pass,fail,0.5659999999998035,0.1971136641128667,0.3482573570899914,True,1,attack,24575,pass,fail,c70_s2,24577
126452,1624,2,655.0329999999999,4646,109160.0,,0.8335219999999999,0.0304509999999999,0.87297,0.2235769999999999,0.039448,0.1931260000000001,Pass Received,김도혁,인천 유나이티드,LW,CM,pass,fail,0.5659999999998035,0.1971136641128667,0.3482573570899914,True,3,attack,24577,pass,fail,c70_s2,24577
126452,1624,2,655.0329999999999,4646,109160.0,,0.8335219999999999,0.0304509999999999,0.87297,0.2235769999999999,0.039448,0.1931260000000001,Pass Received,김도혁,인천 유나이티드,LW,CM,pass,fail,0.5659999999998035,0.1971136641128667,0.3482573570899914,True,4,attack,24578,pass,fail,c70_s2,24577
126452,1625,2,655.0329999999999,4646,109160.0,Successful,0.8335219999999999,0.0304509999999999,0.87297,0.2235769999999999,0.039448,0.1931260000000001,Pass,김도혁,인천 유나이티드,LW,CM,pass,success,0.0,0.1971136641128667,0.0,True,3,attack,24578,pass,fail,c70_s2,24577
126452,1625,2,655.0329999999999,4646,109160.0,Successful,0.8335219999999999,0.0304509999999999,0.87297,0.2235769999999999,0.039448,0.1931260000000001,Pass,김도혁,인천 유나이티드,LW,CM,pass,success,0.0,0.1971136641128667,0.0,True,1,attack,24576,pass,success,c70_s2,24577
126452,1625,2,655.0329999999999,4646,109160.0,Successful,0.8335219999999999,0.0304509999999999,0.87297,0.2235769999999999,0.039448,0.1931260000000001,Pass,김도혁,인천 유나이티드,LW,CM,pass,success,0.0,0.1971136641128667,0.0,True,2,attack,24577,pass,fail,c70_s2,24577
126452,1626,2,656.1330000000003,4646,250141.0,,0.87297,0.2235769999999999,0.87297,0.2235769999999999,-0.0,-0.0,Pass Received,이명주,인천 유나이티드,CM,CM,pass,fail,1.1000000000003638,0.0,0.0,True,2,attack,24578,pass,fail,c70_s2,24577
126452,1626,2,656.1330000000003,4646,250141.0,,0.87297,0.2235769999999999,0.87297,0.2235769999999999,-0.0,-0.0,Pass Received,이명주,인천 유나이티드,CM,CM,pass,fail,1.1000000000003638,0.0,0.0,True,1,attack,24577,pass,fail,c70_s2,24577
126452,1627,2,657.3000000000002,4646,250141.0,Unsuccessful,0.893712,0.206705,0.993088,0.227136,0.0993759999999999,0.0204309999999999,Pass,이명주,인천 유나이티드,CM,CM,pass,fail,1.1669999999999163,0.1014544978648063,0.0869361592671924,True,1,attack,24578,pass,fail,c70_s2,24577
126310,583,1,1043.989,316,161110.0,Successful,0.335907,0.669424,0.3591209999999999,0.4756899999999999,0.023214,-0.193734,Pass,기성용,FC서울,CDM,CM,pass,success,5.788999999999987,0.1951198415128507,0.0337052757838748,False,9,buildup,3915,pass,fail,c116_s1,3916
126310,584,1,1044.869,316,500129.0,,0.3591209999999999,0.4756899999999999,0.23711,0.323331,-0.122011,-0.1523589999999999,Pass Received,류재문,FC서울,CM,CM,pass,fail,0.8799999999998818,0.1951920823240533,0.2218091844591812,False,8,buildup,3915,pass,fail,c116_s1,3916
126310,584,1,1044.869,316,500129.0,,0.3591209999999999,0.4756899999999999,0.23711,0.323331,-0.122011,-0.1523589999999999,Pass Received,류재문,FC서울,CM,CM,pass,fail,0.8799999999998818,0.1951920823240533,0.2218091844591812,False,9,buildup,3916,pass,fail,c116_s1,3916
126310,585,1,1044.869,316,500129.0,Successful,0.3591209999999999,0.4756899999999999,0.23711,0.323331,-0.122011,-0.1523589999999999,Pass,류재문,FC서울,CM,CM,pass,success,0.0,0.1951920823240533,0.0,False,7,buildup,3915,pass,fail,c116_s1,3916
126310,585,1,1044.869,316,500129.0,Successful,0.3591209999999999,0.4756899999999999,0.23711,0.323331,-0.122011,-0.1523589999999999,Pass,류재문,FC서울,CM,CM,pass,success,0.0,0.1951920823240533,0.0,False,8,buildup,3916,pass,fail,c116_s1,3916
126310,586,1,1046.868,316,344467.0,,0.23711,0.323331,0.23711,0.323331,0.0,0.0,Pass Received,권완규,FC서울,CB,CB,pass,fail,1.999000000000024,0.0,0.0,False,6,buildup,3915,pass,fail,c116_s1,3916
126310,586,1,1046.868,316,344467.0,,0.23711,0.323331,0.23711,0.323331,0.0,0.0,Pass Received,권완규,FC서울,CB,CB,pass,fail,1.999000000000024,0.0,0.0,False,7,buildup,3916,pass,fail,c116_s1,3916
126310,587,1,1046.869,316,344467.0,,0.23711,0.323331,0.299523,0.207361,0.0624129999999999,-0.1159699999999999,Carry,권완규,FC서울,CB,CB,dribble,fail,0.0009999999999763,0.131698228799783,131.69822880289723,False,5,attack,3915,pass,fail,c116_s1,3916
126310,587,1,1046.869,316,344467.0,,0.23711,0.323331,0.299523,0.207361,0.0624129999999999,-0.1159699999999999,Carry,권완규,FC서울,CB,CB,dribble,fail,0.0009999999999763,0.131698228799783,131.69822880289723,False,6,buildup,3916,pass,fail,c116_s1,3916
126310,588,1,1050.449,316,344467.0,Successful,0.299523,0.207361,0.473134,0.204017,0.1736110000000001,-0.003344,Pass,권완규,FC서울,CB,CB,pass,success,3.5800000000001546,0.1736432021617893,0.0485036877546876,False,4,attack,3915,pass,fail,c116_s1,3916
126310,588,1,1050.449,316,344467.0,Successful,0.299523,0.207361,0.473134,0.204017,0.1736110000000001,-0.003344,Pass,권완규,FC서울,CB,CB,pass,success,3.5800000000001546,0.1736432021617893,0.0485036877546876,False,5,attack,3916,pass,fail,c116_s1,3916
126310,589,1,1051.831,316,62038.0,,0.473134,0.204017,0.5218510000000001,0.321137,0.0487169999999999,0.11712,Pass Received,조영욱,FC서울,CF,CF,pass,fail,1.3819999999998345,0.126848100060663,0.0917858900583779,False,3,attack,3915,pass,fail,c116_s1,3916
126310,589,1,1051.831,316,62038.0,,0.473134,0.204017,0.5218510000000001,0.321137,0.0487169999999999,0.11712,Pass Received,조영욱,FC서울,CF,CF,pass,fail,1.3819999999998345,0.126848100060663,0.0917858900583779,False,4,attack,3916,pass,fail,c116_s1,3916
126310,590,1,1051.831,316,62038.0,Successful,0.473134,0.204017,0.5218510000000001,0.321137,0.0487169999999999,0.11712,Pass,조영욱,FC서울,CF,CF,pass,success,0.0,0.126848100060663,0.0,False,2,attack,3915,pass,fail,c116_s1,3916
126310,590,1,1051.831,316,62038.0,Successful,0.473134,0.204017,0.5218510000000001,0.321137,0.0487169999999999,0.11712,Pass,조영욱,FC서울,CF,CF,pass,success,0.0,0.126848100060663,0.0,False,3,attack,3916,pass,fail,c116_s1,3916
126310,591,1,1053.133,316,286696.0,,0.5218510000000001,0.321137,0.8854190000000001,0.2455279999999999,0.3635679999999999,-0.075609,Pass Received,일류첸코,FC서울,CF,CF,pass,fail,1.3020000000001346,0.3713467537289103,0.2852125604676435,True,1,attack,3915,pass,fail,c116_s1,3916
126310,591,1,1053.133,316,286696.0,,0.5218510000000001,0.321137,0.8854190000000001,0.2455279999999999,0.3635679999999999,-0.075609,Pass Received,일류첸코,FC서울,CF,CF,pass,fail,1.3020000000001346,0.3713467537289103,0.2852125604676435,True,2,attack,3916,pass,fail,c116_s1,3916
126310,592,1,1053.133,316,286696.0,Unsuccessful,0.5218510000000001,0.321137,0.8854190000000001,0.2455279999999999,0.3635679999999999,-0.075609,Pass,일류첸코,FC서울,CF,CF,pass,fail,0.0,0.3713467537289103,0.0,True,1,attack,3916,pass,fail,c116_s1,3916
126406,558,1,843.475,4639,187316.0,,0.3344949999999999,0.287373,0.3344949999999999,0.287373,-0.0,-0.0,Pass Received,신광훈,포항 스틸러스,RB,RB,pass,fail,1.7169999999999843,0.0,0.0,False,9,buildup,17873,freekick_short,fail,c116_s2,17873
126406,559,1,843.476,4639,187316.0,,0.3344949999999999,0.287373,0.3653939999999999,0.2818809999999999,0.0308989999999999,-0.0054919999999999,Carry,신광훈,포항 스틸러스,RB,RB,dribble,fail,0.0009999999999763,0.0313832800229676,31.38328002370973,False,8,buildup,17873,freekick_short,fail,c116_s2,17873
126406,560,1,845.6460000000001,4639,187316.0,Successful,0.3653939999999999,0.2818809999999999,0.4664439999999999,0.3748039999999999,0.1010500000000001,0.0929229999999999,Pass,신광훈,포항 스틸러스,RB,RB,pass,success,2.1700000000000728,0.1372799563993229,0.0632626527185798,False,7,buildup,17873,freekick_short,fail,c116_s2,17873
126406,561,1,846.867,4639,407605.0,,0.4664439999999999,0.3748039999999999,0.4664439999999999,0.3748039999999999,-0.0,-0.0,Pass Received,한찬희,포항 스틸러스,CM,CM,pass,fail,1.22099999999989,0.0,0.0,False,6,buildup,17873,freekick_short,fail,c116_s2,17873
126406,562,1,848.1850000000001,4639,407605.0,Successful,0.480436,0.3848299999999999,0.593634,0.4116069999999999,0.113198,0.0267769999999998,Pass,한찬희,포항 스틸러스,CM,CM,pass,success,1.318000000000097,0.1163219451909225,0.0882564075803596,False,5,attack,17873,freekick_short,fail,c116_s2,17873
126406,563,1,849.267,4639,412018.0,,0.593634,0.4116069999999999,0.593634,0.4116069999999999,-0.0,-0.0,Pass Received,홍윤상,포항 스틸러스,LW,LM,pass,fail,1.0819999999999936,0.0,0.0,False,4,attack,17873,freekick_short,fail,c116_s2,17873
126406,564,1,849.268,4639,412018.0,,0.593634,0.4116069999999999,0.632664,0.338401,0.03903,-0.0732059999999999,Carry,홍윤상,포항 스틸러스,LW,LM,dribble,fail,0.0009999999999763,0.0829605890528749,82.96058905483672,False,3,attack,17873,freekick_short,fail,c116_s2,17873
126406,565,1,850.7,4639,500505.0,,0.367336,0.6615989999999999,0.367336,0.6615989999999999,0.0,0.0,Foul,요시노,대구FC,CM,CM,foul,fail,1.4320000000000164,0.0,0.0,False,2,attack,17873,freekick_short,fail,c116_s2,17873
126406,566,1,901.433,4639,77845.0,Unsuccessful,0.638969,0.340632,0.911411,0.5902299999999999,0.272442,0.2495979999999999,Pass_Freekick,완델손,포항 스틸러스,LB,LB,freekick_short,fail,50.73299999999995,0.3694912786088462,0.0072830559716327,True,1,attack,17873,freekick_short,fail,c116_s2,17873
126437,497,1,1015.7,4220,250168.0,Unsuccessful,0.1025049999999999,0.1419319999999999,0.107571,0.138202,0.005066,-0.0037299999999999,Pass,김재우,대전 하나 시티즌,,CB,pass,fail,0.0,0.0062910457000406,0.0,False,9,buildup,22171,corner_short,success,c136_s1,22174
126437,498,1,1015.833,4220,500540.0,,0.8966240000000001,0.8631359999999999,0.8966240000000001,0.8631359999999999,0.0,0.0,Block,장영우,수원FC,LWB,LB,non_action,fail,0.1329999999999245,0.0,0.0,False,8,buildup,22171,corner_short,success,c136_s1,22174
126437,498,1,1015.833,4220,500540.0,,0.8966240000000001,0.8631359999999999,0.8966240000000001,0.8631359999999999,0.0,0.0,Block,장영우,수원FC,LWB,LB,non_action,fail,0.1329999999999245,0.0,0.0,False,9,buildup,22172,pass,fail,c136_s1,22174
126437,499,1,1016.267,4220,250168.0,Successful,0.0825386999999999,0.139804,0.0825386999999999,0.139804,-0.0,-0.0,Duel,김재우,대전 하나 시티즌,,CB,non_action,success,0.4340000000000827,0.0,0.0,False,7,buildup,22171,corner_short,success,c136_s1,22174
126437,499,1,1016.267,4220,250168.0,Successful,0.0825386999999999,0.139804,0.0825386999999999,0.139804,-0.0,-0.0,Duel,김재우,대전 하나 시티즌,,CB,non_action,success,0.4340000000000827,0.0,0.0,False,9,buildup,22173,shot,fail,c136_s1,22174
126437,499,1,1016.267,4220,250168.0,Successful,0.0825386999999999,0.139804,0.0825386999999999,0.139804,-0.0,-0.0,Duel,김재우,대전 하나 시티즌,,CB,non_action,success,0.4340000000000827,0.0,0.0,False,8,buildup,22172,pass,fail,c136_s1,22174
126437,500,1,1018.1,4220,500540.0,,0.906224,0.865248,0.906224,0.865248,0.0,0.0,Recovery,장영우,수원FC,LWB,LB,non_action,fail,1.83299999999997,0.0,0.0,False,7,buildup,22172,pass,fail,c136_s1,22174
126437,500,1,1018.1,4220,500540.0,,0.906224,0.865248,0.906224,0.865248,0.0,0.0,Recovery,장영우,수원FC,LWB,LB,non_action,fail,1.83299999999997,0.0,0.0,False,8,buildup,22173,shot,fail,c136_s1,22174
126437,500,1,1018.1,4220,500540.0,,0.906224,0.865248,0.906224,0.865248,0.0,0.0,Recovery,장영우,수원FC,LWB,LB,non_action,fail,1.83299999999997,0.0,0.0,False,6,buildup,22171,corner_short,success,c136_s1,22174
126437,501,1,1018.101,4220,500540.0,,0.906224,0.865248,0.98497,0.895967,0.078746,0.030719,Carry,장영우,수원FC,LWB,LB,dribble,fail,0.0009999999999763,0.0845256734785355,84.52567348053432,False,5,attack,22171,corner_short,success,c136_s1,22174
126437,501,1,1018.101,4220,500540.0,,0.906224,0.865248,0.98497,0.895967,0.078746,0.030719,Carry,장영우,수원FC,LWB,LB,dribble,fail,0.0009999999999763,0.0845256734785355,84.52567348053432,False,6,buildup,22172,pass,fail,c136_s1,22174
126437,501,1,1018.101,4220,500540.0,,0.906224,0.865248,0.98497,0.895967,0.078746,0.030719,Carry,장영우,수원FC,LWB,LB,dribble,fail,0.0009999999999763,0.0845256734785355,84.52567348053432,False,7,buildup,22173,shot,fail,c136_s1,22174
126437,502,1,1020.133,4220,500540.0,Unsuccessful,0.98497,0.895967,0.98962,0.891455,0.0046499999999999,-0.0045119999999999,Cross,장영우,수원FC,LWB,LB,cross,fail,2.032000000000039,0.0064792471784922,0.0031886058949272,False,4,attack,22171,corner_short,success,c136_s1,22174
126437,502,1,1020.133,4220,500540.0,Unsuccessful,0.98497,0.895967,0.98962,0.891455,0.0046499999999999,-0.0045119999999999,Cross,장영우,수원FC,LWB,LB,cross,fail,2.032000000000039,0.0064792471784922,0.0031886058949272,False,5,attack,22172,pass,fail,c136_s1,22174
126437,502,1,1020.133,4220,500540.0,Unsuccessful,0.98497,0.895967,0.98962,0.891455,0.0046499999999999,-0.0045119999999999,Cross,장영우,수원FC,LWB,LB,cross,fail,2.032000000000039,0.0064792471784922,0.0031886058949272,False,6,buildup,22173,shot,fail,c136_s1,22174
126437,502,1,1020.133,4220,500540.0,Unsuccessful,0.98497,0.895967,0.98962,0.891455,0.0046499999999999,-0.0045119999999999,Cross,장영우,수원FC,LWB,LB,cross,fail,2.032000000000039,0.0064792471784922,0.0031886058949272,False,9,buildup,22174,corner_short,success,c136_s1,22174
126437,503,1,1020.233,4220,250168.0,,0.0131188,0.114801,0.0131188,0.114801,-0.0,-0.0,Block,김재우,대전 하나 시티즌,,CB,non_action,fail,0.099999999999909,0.0,0.0,False,5,attack,22173,shot,fail,c136_s1,22174
126437,503,1,1020.233,4220,250168.0,,0.0131188,0.114801,0.0131188,0.114801,-0.0,-0.0,Block,김재우,대전 하나 시티즌,,CB,non_action,fail,0.099999999999909,0.0,0.0,False,8,buildup,22174,corner_short,success,c136_s1,22174
126437,503,1,1020.233,4220,250168.0,,0.0131188,0.114801,0.0131188,0.114801,-0.0,-0.0,Block,김재우,대전 하나 시티즌,,CB,non_action,fail,0.099999999999909,0.0,0.0,False,4,attack,22172,pass,fail,c136_s1,22174
126437,503,1,1020.233,4220,250168.0,,0.0131188,0.114801,0.0131188,0.114801,-0.0,-0.0,Block,김재우,대전 하나 시티즌,,CB,non_action,fail,0.099999999999909,0.0,0.0,False,3,attack,22171,corner_short,success,c136_s1,22174
126437,503,1,1020.233,4220,250168.0,,0.0131188,0.114801,0.0131188,0.114801,-0.0,-0.0,Block,김재우,대전 하나 시티즌,,CB,non_action,fail,0.099999999999909,0.0,0.0,False,9,buildup,22175,pass,fail,c136_s1,22174
126437,504,1,1023.233,4220,250168.0,,0.0131188,0.114801,0.0131188,0.114801,-0.0,-0.0,Out,김재우,대전 하나 시티즌,,CB,non_action,fail,3.0,0.0,0.0,False,8,buildup,22175,pass,fail,c136_s1,22174
126437,504,1,1023.233,4220,250168.0,,0.0131188,0.114801,0.0131188,0.114801,-0.0,-0.0,Out,김재우,대전 하나 시티즌,,CB,non_action,fail,3.0,0.0,0.0,False,9,buildup,22176,shot,fail,c136_s1,22174
126437,504,1,1023.233,4220,250168.0,,0.0131188,0.114801,0.0131188,0.114801,-0.0,-0.0,Out,김재우,대전 하나 시티즌,,CB,non_action,fail,3.0,0.0,0.0,False,3,attack,22172,pass,fail,c136_s1,22174
126437,504,1,1023.233,4220,250168.0,,0.0131188,0.114801,0.0131188,0.114801,-0.0,-0.0,Out,김재우,대전 하나 시티즌,,CB,non_action,fail,3.0,0.0,0.0,False,2,attack,22171,corner_short,success,c136_s1,22174
126437,504,1,1023.233,4220,250168.0,,0.0131188,0.114801,0.0131188,0.114801,-0.0,-0.0,Out,김재우,대전 하나 시티즌,,CB,non_action,fail,3.0,0.0,0.0,False,7,buildup,22174,corner_short,success,c136_s1,22174
126437,504,1,1023.233,4220,250168.0,,0.0131188,0.114801,0.0131188,0.114801,-0.0,-0.0,Out,김재우,대전 하나 시티즌,,CB,non_action,fail,3.0,0.0,0.0,False,4,attack,22173,shot,fail,c136_s1,22174
126437,505,1,1064.267,4220,354812.0,Successful,0.998889,0.9854221,0.974388,0.6374639999999999,-0.0245009999999999,-0.3479581,Pass_Corner,윤빛가람,수원FC,CM,CM,corner_short,success,41.034000000000106,0.3488196358529864,0.0085007465967974,True,8,buildup,22176,shot,fail,c136_s1,22174
126437,505,1,1064.267,4220,354812.0,Successful,0.998889,0.9854221,0.974388,0.6374639999999999,-0.0245009999999999,-0.3479581,Pass_Corner,윤빛가람,수원FC,CM,CM,corner_short,success,41.034000000000106,0.3488196358529864,0.0085007465967974,True,6,buildup,22174,corner_short,success,c136_s1,22174
126437,505,1,1064.267,4220,354812.0,Successful,0.998889,0.9854221,0.974388,0.6374639999999999,-0.0245009999999999,-0.3479581,Pass_Corner,윤빛가람,수원FC,CM,CM,corner_short,success,41.034000000000106,0.3488196358529864,0.0085007465967974,True,1,attack,22171,corner_short,success,c136_s1,22174
126437,505,1,1064.267,4220,354812.0,Successful,0.998889,0.9854221,0.974388,0.6374639999999999,-0.0245009999999999,-0.3479581,Pass_Corner,윤빛가람,수원FC,CM,CM,corner_short,success,41.034000000000106,0.3488196358529864,0.0085007465967974,True,3,attack,22173,shot,fail,c136_s1,22174
126437,505,1,1064.267,4220,354812.0,Successful,0.998889,0.9854221,0.974388,0.6374639999999999,-0.0245009999999999,-0.3479581,Pass_Corner,윤빛가람,수원FC,CM,CM,corner_short,success,41.034000000000106,0.3488196358529864,0.0085007465967974,True,7,buildup,22175,pass,fail,c136_s1,22174
126437,505,1,1064.267,4220,354812.0,Successful,0.998889,0.9854221,0.974388,0.6374639999999999,-0.0245009999999999,-0.3479581,Pass_Corner,윤빛가람,수원FC,CM,CM,corner_short,success,41.034000000000106,0.3488196358529864,0.0085007465967974,True,2,attack,22172,pass,fail,c136_s1,22174
126437,506,1,1065.467,4220,500547.0,,0.974388,0.6374639999999999,1.0,0.5,0.0256119999999999,-0.1374639999999998,Pass Received,김태한,수원FC,LWB,CB,pass,fail,1.2000000000000457,0.1398296314805984,0.1165246929004942,True,2,attack,22173,shot,fail,c136_s1,22174
126437,506,1,1065.467,4220,500547.0,,0.974388,0.6374639999999999,1.0,0.5,0.0256119999999999,-0.1374639999999998,Pass Received,김태한,수원FC,LWB,CB,pass,fail,1.2000000000000457,0.1398296314805984,0.1165246929004942,True,5,attack,22174,corner_short,success,c136_s1,22174
126437,506,1,1065.467,4220,500547.0,,0.974388,0.6374639999999999,1.0,0.5,0.0256119999999999,-0.1374639999999998,Pass Received,김태한,수원FC,LWB,CB,pass,fail,1.2000000000000457,0.1398296314805984,0.1165246929004942,True,7,buildup,22176,shot,fail,c136_s1,22174
126437,506,1,1065.467,4220,500547.0,,0.974388,0.6374639999999999,1.0,0.5,0.0256119999999999,-0.1374639999999998,Pass Received,김태한,수원FC,LWB,CB,pass,fail,1.2000000000000457,0.1398296314805984,0.1165246929004942,True,1,attack,22172,pass,fail,c136_s1,22174
126437,506,1,1065.467,4220,500547.0,,0.974388,0.6374639999999999,1.0,0.5,0.0256119999999999,-0.1374639999999998,Pass Received,김태한,수원FC,LWB,CB,pass,fail,1.2000000000000457,0.1398296314805984,0.1165246929004942,True,6,buildup,22175,pass,fail,c136_s1,22174
126437,507,1,1065.467,4220,500547.0,Off Target,0.974388,0.6374639999999999,0.9679043,0.609931,-0.0064837,-0.0275329999999999,Shot,김태한,수원FC,LWB,CB,shot,fail,0.0,0.0282861177026822,0.0,True,5,attack,22175,pass,fail,c136_s1,22174
126437,507,1,1065.467,4220,500547.0,Off Target,0.974388,0.6374639999999999,0.9679043,0.609931,-0.0064837,-0.0275329999999999,Shot,김태한,수원FC,LWB,CB,shot,fail,0.0,0.0282861177026822,0.0,True,6,buildup,22176,shot,fail,c136_s1,22174
126437,507,1,1065.467,4220,500547.0,Off Target,0.974388,0.6374639999999999,0.9679043,0.609931,-0.0064837,-0.0275329999999999,Shot,김태한,수원FC,LWB,CB,shot,fail,0.0,0.0282861177026822,0.0,True,1,attack,22173,shot,fail,c136_s1,22174
126437,507,1,1065.467,4220,500547.0,Off Target,0.974388,0.6374639999999999,0.9679043,0.609931,-0.0064837,-0.0275329999999999,Shot,김태한,수원FC,LWB,CB,shot,fail,0.0,0.0282861177026822,0.0,True,4,attack,22174,corner_short,success,c136_s1,22174
126437,508,1,1065.5,4220,215807.0,,0.0320956999999999,0.390069,0.0320956999999999,0.390069,-0.0,-0.0,Block,공민현,대전 하나 시티즌,,CF,non_action,fail,0.0329999999999017,0.0,0.0,False,4,attack,22175,pass,fail,c136_s1,22174
126437,508,1,1065.5,4220,215807.0,,0.0320956999999999,0.390069,0.0320956999999999,0.390069,-0.0,-0.0,Block,공민현,대전 하나 시티즌,,CF,non_action,fail,0.0329999999999017,0.0,0.0,False,3,attack,22174,corner_short,success,c136_s1,22174
126437,508,1,1065.5,4220,215807.0,,0.0320956999999999,0.390069,0.0320956999999999,0.390069,-0.0,-0.0,Block,공민현,대전 하나 시티즌,,CF,non_action,fail,0.0329999999999017,0.0,0.0,False,5,attack,22176,shot,fail,c136_s1,22174
126437,509,1,1068.5,4220,215807.0,,0.0320956999999999,0.390069,0.0320956999999999,0.390069,-0.0,-0.0,Out,공민현,대전 하나 시티즌,,CF,non_action,fail,3.0,0.0,0.0,False,3,attack,22175,pass,fail,c136_s1,22174
126437,509,1,1068.5,4220,215807.0,,0.0320956999999999,0.390069,0.0320956999999999,0.390069,-0.0,-0.0,Out,공민현,대전 하나 시티즌,,CF,non_action,fail,3.0,0.0,0.0,False,2,attack,22174,corner_short,success,c136_s1,22174
126437,509,1,1068.5,4220,215807.0,,0.0320956999999999,0.390069,0.0320956999999999,0.390069,-0.0,-0.0,Out,공민현,대전 하나 시티즌,,CF,non_action,fail,3.0,0.0,0.0,False,4,attack,22176,shot,fail,c136_s1,22174
126437,510,1,1105.333,4220,354812.0,Successful,1.0,0.9891871,0.927282,0.557206,-0.072718,-0.4319811000000001,Pass_Corner,윤빛가람,수원FC,CM,CM,corner_short,success,36.83300000000008,0.4380588753594773,0.0118931087709248,True,2,attack,22175,pass,fail,c136_s1,22174
126437,510,1,1105.333,4220,354812.0,Successful,1.0,0.9891871,0.927282,0.557206,-0.072718,-0.4319811000000001,Pass_Corner,윤빛가람,수원FC,CM,CM,corner_short,success,36.83300000000008,0.4380588753594773,0.0118931087709248,True,3,attack,22176,shot,fail,c136_s1,22174
126437,510,1,1105.333,4220,354812.0,Successful,1.0,0.9891871,0.927282,0.557206,-0.072718,-0.4319811000000001,Pass_Corner,윤빛가람,수원FC,CM,CM,corner_short,success,36.83300000000008,0.4380588753594773,0.0118931087709248,True,1,attack,22174,corner_short,success,c136_s1,22174
126437,511,1,1106.8,4220,500530.0,,0.927282,0.557206,1.0,0.5,0.072718,-0.0572059999999999,Pass Received,지동원,수원FC,CF,CF,pass,fail,1.4669999999998709,0.0925226132359002,0.0630692660094808,True,1,attack,22175,pass,fail,c136_s1,22174
126437,511,1,1106.8,4220,500530.0,,0.927282,0.557206,1.0,0.5,0.072718,-0.0572059999999999,Pass Received,지동원,수원FC,CF,CF,pass,fail,1.4669999999998709,0.0925226132359002,0.0630692660094808,True,2,attack,22176,shot,fail,c136_s1,22174
126437,512,1,1106.8,4220,500530.0,Low Quality Shot,0.927282,0.557206,0.9431878,0.550138,0.0159057999999999,-0.0070679999999998,Shot,지동원,수원FC,CF,CF,shot,fail,0.0,0.0174054904452588,0.0,True,1,attack,22176,shot,fail,c136_s1,22174
126396,592,1,986.433,4641,250965.0,Successful,0.7790649999999999,0.9797454,0.796999,0.769766,0.017934,-0.2099794,Pass,안태현,제주SK FC,CB,LWB,pass,success,0.0,0.2107438653445457,0.0,False,7,buildup,16420,dribble,fail,c136_s2,16423
126396,592,1,986.433,4641,250965.0,Successful,0.7790649999999999,0.9797454,0.796999,0.769766,0.017934,-0.2099794,Pass,안태현,제주SK FC,CB,LWB,pass,success,0.0,0.2107438653445457,0.0,False,8,buildup,16421,shot,fail,c136_s2,16423
126396,593,1,987.367,4641,61968.0,,0.796999,0.769766,0.796999,0.769766,0.0,0.0,Pass Received,진성욱,제주SK FC,CF,CF,pass,fail,0.9339999999999692,0.0,0.0,False,6,buildup,16420,dribble,fail,c136_s2,16423
126396,593,1,987.367,4641,61968.0,,0.796999,0.769766,0.796999,0.769766,0.0,0.0,Pass Received,진성욱,제주SK FC,CF,CF,pass,fail,0.9339999999999692,0.0,0.0,False,7,buildup,16421,shot,fail,c136_s2,16423
126396,594,1,987.368,4641,61968.0,,0.796999,0.769766,0.796726,0.830566,-0.0002729999999999,0.0607999999999999,Carry,진성욱,제주SK FC,CF,CF,dribble,fail,0.00100000000009,0.0608006128998713,60.80061289439684,False,5,attack,16420,dribble,fail,c136_s2,16423
126396,594,1,987.368,4641,61968.0,,0.796999,0.769766,0.796726,0.830566,-0.0002729999999999,0.0607999999999999,Carry,진성욱,제주SK FC,CF,CF,dribble,fail,0.00100000000009,0.0608006128998713,60.80061289439684,False,6,buildup,16421,shot,fail,c136_s2,16423
126396,594,1,987.368,4641,61968.0,,0.796999,0.769766,0.796726,0.830566,-0.0002729999999999,0.0607999999999999,Carry,진성욱,제주SK FC,CF,CF,dribble,fail,0.00100000000009,0.0608006128998713,60.80061289439684,False,9,buildup,16422,shot,fail,c136_s2,16423
126396,595,1,988.333,4641,61968.0,Successful,0.796726,0.830566,0.8231350000000001,0.8694069999999999,0.0264089999999999,0.038841,Pass,진성욱,제주SK FC,CF,CF,pass,success,0.964999999999918,0.0469686976826055,0.0486722255778337,False,4,attack,16420,dribble,fail,c136_s2,16423
126396,595,1,988.333,4641,61968.0,Successful,0.796726,0.830566,0.8231350000000001,0.8694069999999999,0.0264089999999999,0.038841,Pass,진성욱,제주SK FC,CF,CF,pass,success,0.964999999999918,0.0469686976826055,0.0486722255778337,False,5,attack,16421,shot,fail,c136_s2,16423
126396,595,1,988.333,4641,61968.0,Successful,0.796726,0.830566,0.8231350000000001,0.8694069999999999,0.0264089999999999,0.038841,Pass,진성욱,제주SK FC,CF,CF,pass,success,0.964999999999918,0.0469686976826055,0.0486722255778337,False,8,buildup,16422,shot,fail,c136_s2,16423
126396,596,1,988.367,4641,356596.0,Unsuccessful,0.2050129999999999,0.1712429999999999,0.2050129999999999,0.1712429999999999,-0.0,-0.0,Tackle,신진호,인천 유나이티드,CM,CM,tackle,fail,0.0339999999999918,0.0,0.0,False,3,attack,16420,dribble,fail,c136_s2,16423
126396,596,1,988.367,4641,356596.0,Unsuccessful,0.2050129999999999,0.1712429999999999,0.2050129999999999,0.1712429999999999,-0.0,-0.0,Tackle,신진호,인천 유나이티드,CM,CM,tackle,fail,0.0339999999999918,0.0,0.0,False,7,buildup,16422,shot,fail,c136_s2,16423
126396,596,1,988.367,4641,356596.0,Unsuccessful,0.2050129999999999,0.1712429999999999,0.2050129999999999,0.1712429999999999,-0.0,-0.0,Tackle,신진호,인천 유나이티드,CM,CM,tackle,fail,0.0339999999999918,0.0,0.0,False,4,attack,16421,shot,fail,c136_s2,16423
126396,597,1,988.733,4641,500597.0,,0.8231350000000001,0.8694069999999999,0.8231350000000001,0.8694069999999999,0.0,0.0,Pass Received,제갈재민,제주SK FC,,LW,pass,fail,0.3659999999999854,0.0,0.0,False,6,buildup,16422,shot,fail,c136_s2,16423
126396,597,1,988.733,4641,500597.0,,0.8231350000000001,0.8694069999999999,0.8231350000000001,0.8694069999999999,0.0,0.0,Pass Received,제갈재민,제주SK FC,,LW,pass,fail,0.3659999999999854,0.0,0.0,False,9,buildup,16423,corner_short,fail,c136_s2,16423
126396,597,1,988.733,4641,500597.0,,0.8231350000000001,0.8694069999999999,0.8231350000000001,0.8694069999999999,0.0,0.0,Pass Received,제갈재민,제주SK FC,,LW,pass,fail,0.3659999999999854,0.0,0.0,False,3,attack,16421,shot,fail,c136_s2,16423
126396,597,1,988.733,4641,500597.0,,0.8231350000000001,0.8694069999999999,0.8231350000000001,0.8694069999999999,0.0,0.0,Pass Received,제갈재민,제주SK FC,,LW,pass,fail,0.3659999999999854,0.0,0.0,False,2,attack,16420,dribble,fail,c136_s2,16423
126396,598,1,988.733,4641,500597.0,,0.8231350000000001,0.8694069999999999,0.971509,0.7175210000000001,0.1483739999999999,-0.151886,Carry,제갈재민,제주SK FC,,LW,dribble,fail,0.0,0.2123304049635849,0.0,True,2,attack,16421,shot,fail,c136_s2,16423
126396,598,1,988.733,4641,500597.0,,0.8231350000000001,0.8694069999999999,0.971509,0.7175210000000001,0.1483739999999999,-0.151886,Carry,제갈재민,제주SK FC,,LW,dribble,fail,0.0,0.2123304049635849,0.0,True,1,attack,16420,dribble,fail,c136_s2,16423
126396,598,1,988.733,4641,500597.0,,0.8231350000000001,0.8694069999999999,0.971509,0.7175210000000001,0.1483739999999999,-0.151886,Carry,제갈재민,제주SK FC,,LW,dribble,fail,0.0,0.2123304049635849,0.0,True,5,attack,16422,shot,fail,c136_s2,16423
126396,598,1,988.733,4641,500597.0,,0.8231350000000001,0.8694069999999999,0.971509,0.7175210000000001,0.1483739999999999,-0.151886,Carry,제갈재민,제주SK FC,,LW,dribble,fail,0.0,0.2123304049635849,0.0,True,8,buildup,16423,corner_short,fail,c136_s2,16423
126396,599,1,991.5,4641,500597.0,On Target,0.971509,0.7175210000000001,0.99244655,0.571877,0.0209375500000001,-0.1456439999999999,Shot,제갈재민,제주SK FC,,LW,shot,fail,2.7670000000000528,0.1471412781513144,0.0531771876224472,True,1,attack,16421,shot,fail,c136_s2,16423
126396,599,1,991.5,4641,500597.0,On Target,0.971509,0.7175210000000001,0.99244655,0.571877,0.0209375500000001,-0.1456439999999999,Shot,제갈재민,제주SK FC,,LW,shot,fail,2.7670000000000528,0.1471412781513144,0.0531771876224472,True,7,buildup,16423,corner_short,fail,c136_s2,16423
126396,599,1,991.5,4641,500597.0,On Target,0.971509,0.7175210000000001,0.99244655,0.571877,0.0209375500000001,-0.1456439999999999,Shot,제갈재민,제주SK FC,,LW,shot,fail,2.7670000000000528,0.1471412781513144,0.0531771876224472,True,4,attack,16422,shot,fail,c136_s2,16423
126396,600,1,991.9,4641,500460.0,,0.0075534499999999,0.428123,0.0075534499999999,0.428123,-0.0,-0.0,Parry,이범수,인천 유나이티드,,GK,keeper_save,fail,0.3999999999999772,0.0,0.0,False,3,attack,16422,shot,fail,c136_s2,16423
126396,600,1,991.9,4641,500460.0,,0.0075534499999999,0.428123,0.0075534499999999,0.428123,-0.0,-0.0,Parry,이범수,인천 유나이티드,,GK,keeper_save,fail,0.3999999999999772,0.0,0.0,False,6,buildup,16423,corner_short,fail,c136_s2,16423
126396,601,1,993.567,4641,250965.0,,0.927663,0.734213,1.0,0.5,0.0723369999999999,-0.234213,Recovery,안태현,제주SK FC,CB,LWB,non_action,fail,1.66700000000003,0.2451292943285237,0.1470481669637188,False,5,attack,16423,corner_short,fail,c136_s2,16423
126396,601,1,993.567,4641,250965.0,,0.927663,0.734213,1.0,0.5,0.0723369999999999,-0.234213,Recovery,안태현,제주SK FC,CB,LWB,non_action,fail,1.66700000000003,0.2451292943285237,0.1470481669637188,False,2,attack,16422,shot,fail,c136_s2,16423
126396,602,1,993.567,4641,250965.0,Off Target,0.927663,0.734213,0.9638447,0.645549,0.0361816999999999,-0.0886639999999999,Shot,안태현,제주SK FC,CB,LWB,shot,fail,0.0,0.0957623115368984,0.0,True,1,attack,16422,shot,fail,c136_s2,16423
126396,602,1,993.567,4641,250965.0,Off Target,0.927663,0.734213,0.9638447,0.645549,0.0361816999999999,-0.0886639999999999,Shot,안태현,제주SK FC,CB,LWB,shot,fail,0.0,0.0957623115368984,0.0,True,4,attack,16423,corner_short,fail,c136_s2,16423
126396,602,1,993.567,4641,250965.0,Off Target,0.927663,0.734213,0.9638447,0.645549,0.0361816999999999,-0.0886639999999999,Shot,안태현,제주SK FC,CB,LWB,shot,fail,0.0,0.0957623115368984,0.0,True,9,buildup,16424,pass,success,c136_s2,16423
126396,603,1,993.9,4641,356604.0,,0.0361553,0.3544509999999999,0.0361553,0.3544509999999999,-0.0,-0.0,Block,김건희,인천 유나이티드,CB,CB,non_action,fail,0.33299999999997,0.0,0.0,False,3,attack,16423,corner_short,fail,c136_s2,16423
126396,603,1,993.9,4641,356604.0,,0.0361553,0.3544509999999999,0.0361553,0.3544509999999999,-0.0,-0.0,Block,김건희,인천 유나이티드,CB,CB,non_action,fail,0.33299999999997,0.0,0.0,False,8,buildup,16424,pass,success,c136_s2,16423
126396,603,1,993.9,4641,356604.0,,0.0361553,0.3544509999999999,0.0361553,0.3544509999999999,-0.0,-0.0,Block,김건희,인천 유나이티드,CB,CB,non_action,fail,0.33299999999997,0.0,0.0,False,9,buildup,16425,pass,fail,c136_s2,16423
126396,604,1,996.9,4641,356604.0,,0.0361553,0.3544509999999999,0.0361553,0.3544509999999999,-0.0,-0.0,Out,김건희,인천 유나이티드,CB,CB,non_action,fail,3.0,0.0,0.0,False,8,buildup,16425,pass,fail,c136_s2,16423
126396,604,1,996.9,4641,356604.0,,0.0361553,0.3544509999999999,0.0361553,0.3544509999999999,-0.0,-0.0,Out,김건희,인천 유나이티드,CB,CB,non_action,fail,3.0,0.0,0.0,False,2,attack,16423,corner_short,fail,c136_s2,16423
126396,604,1,996.9,4641,356604.0,,0.0361553,0.3544509999999999,0.0361553,0.3544509999999999,-0.0,-0.0,Out,김건희,인천 유나이티드,CB,CB,non_action,fail,3.0,0.0,0.0,False,7,buildup,16424,pass,success,c136_s2,16423
126396,605,1,1031.433,4641,413677.0,Unsuccessful,1.0,1.0,0.950931,0.489685,-0.049069,-0.510315,Pass_Corner,임창우,제주SK FC,RB,CB,corner_short,fail,34.533000000000015,0.5126686707669974,0.0148457611782062,True,7,buildup,16425,pass,fail,c136_s2,16423
126396,605,1,1031.433,4641,413677.0,Unsuccessful,1.0,1.0,0.950931,0.489685,-0.049069,-0.510315,Pass_Corner,임창우,제주SK FC,RB,CB,corner_short,fail,34.533000000000015,0.5126686707669974,0.0148457611782062,True,1,attack,16423,corner_short,fail,c136_s2,16423
126396,605,1,1031.433,4641,413677.0,Unsuccessful,1.0,1.0,0.950931,0.489685,-0.049069,-0.510315,Pass_Corner,임창우,제주SK FC,RB,CB,corner_short,fail,34.533000000000015,0.5126686707669974,0.0148457611782062,True,6,buildup,16424,pass,success,c136_s2,16423
126396,606,1,1033.533,4641,500460.0,Unsuccessful,0.0501006,0.501553,0.0501006,0.501553,-0.0,-0.0,Aerial Clearance,이범수,인천 유나이티드,,GK,clearance,fail,2.099999999999909,0.0,0.0,False,5,attack,16424,pass,success,c136_s2,16423
126396,606,1,1033.533,4641,500460.0,Unsuccessful,0.0501006,0.501553,0.0501006,0.501553,-0.0,-0.0,Aerial Clearance,이범수,인천 유나이티드,,GK,clearance,fail,2.099999999999909,0.0,0.0,False,6,buildup,16425,pass,fail,c136_s2,16423
126396,607,1,1035.067,4641,61623.0,,0.0499111,0.594197,0.0499111,0.594197,-0.0,-0.0,Interception,정동윤,인천 유나이티드,CB,RB,interception,fail,1.5340000000001055,0.0,0.0,False,5,attack,16425,pass,fail,c136_s2,16423
126396,607,1,1035.067,4641,61623.0,,0.0499111,0.594197,0.0499111,0.594197,-0.0,-0.0,Interception,정동윤,인천 유나이티드,CB,RB,interception,fail,1.5340000000001055,0.0,0.0,False,4,attack,16424,pass,success,c136_s2,16423
126396,608,1,1035.067,4641,61623.0,,0.0499111,0.594197,0.240431,0.704633,0.1905198999999999,0.1104359999999999,Clearance,정동윤,인천 유나이티드,CB,RB,clearance,fail,0.0,0.2202134019355088,0.0,False,3,attack,16424,pass,success,c136_s2,16423
126396,608,1,1035.067,4641,61623.0,,0.0499111,0.594197,0.240431,0.704633,0.1905198999999999,0.1104359999999999,Clearance,정동윤,인천 유나이티드,CB,RB,clearance,fail,0.0,0.2202134019355088,0.0,False,4,attack,16425,pass,fail,c136_s2,16423
126396,609,1,1037.267,4641,500592.0,,0.759569,0.2953670000000001,0.91084,0.23963,0.151271,-0.055737,Recovery,여홍규,제주SK FC,,RW,non_action,fail,2.200000000000045,0.1612126812939975,0.07327849149727,False,2,attack,16424,pass,success,c136_s2,16423
126396,609,1,1037.267,4641,500592.0,,0.759569,0.2953670000000001,0.91084,0.23963,0.151271,-0.055737,Recovery,여홍규,제주SK FC,,RW,non_action,fail,2.200000000000045,0.1612126812939975,0.07327849149727,False,3,attack,16425,pass,fail,c136_s2,16423
126396,610,1,1037.267,4641,500592.0,Successful,0.759569,0.2953670000000001,0.91084,0.23963,0.151271,-0.055737,Pass,여홍규,제주SK FC,,RW,pass,success,0.0,0.1612126812939975,0.0,True,1,attack,16424,pass,success,c136_s2,16423
126396,610,1,1037.267,4641,500592.0,Successful,0.759569,0.2953670000000001,0.91084,0.23963,0.151271,-0.055737,Pass,여홍규,제주SK FC,,RW,pass,success,0.0,0.1612126812939975,0.0,True,2,attack,16425,pass,fail,c136_s2,16423
